,family,resnet,tcn_nano,tcn_small,tcn_medium
OOK,ASK / OOK,100.0,100.0,100.0,100.0
4ASK,ASK / OOK,100.0,100.0,100.0,100.0
8ASK,ASK / OOK,100.0,100.0,100.0,100.0
AM-SSB-WC,analog AM,97.1,94.5,94.8,94.9
AM-SSB-SC,analog AM,67.3,70.6,71.5,72.0
AM-DSB-WC,analog AM,97.3,93.8,94.6,94.5
AM-DSB-SC,analog AM,66.4,71.3,71.6,71.8
BPSK,PSK,100.0,100.0,100.0,100.0
QPSK,PSK,100.0,100.0,100.0,100.0
OQPSK,PSK,100.0,100.0,100.0,100.0
8PSK,PSK,100.0,100.0,100.0,100.0
16PSK,PSK,100.0,100.0,100.0,100.0
32PSK,PSK,100.0,99.8,99.9,100.0
16APSK,APSK,100.0,100.0,100.0,100.0
32APSK,APSK,100.0,100.0,100.0,100.0
64APSK,APSK,100.0,100.0,100.0,100.0
128APSK,APSK,99.9,100.0,100.0,100.0
16QAM,QAM,100.0,100.0,100.0,100.0
32QAM,QAM,100.0,100.0,100.0,100.0
64QAM,QAM,98.1,99.7,99.9,99.9
128QAM,QAM,96.2,99.3,99.7,99.9
256QAM,QAM,94.5,98.1,99.0,99.2
FM,FM / GMSK,100.0,100.0,100.0,100.0
GMSK,FM / GMSK,100.0,100.0,100.0,100.0
